date,raw_material,opening_inventory,inflow_quantity,consumed_quantity,closing_inventory,safety_stock,calculated_closing_inventory,inventory_validation_status
2025-09-01,EVA_Foam,103271,0,8012,99824,112000,231988,True
2025-09-02,EVA_Foam,99824,0,8783,96044,112000,223205,True
2025-09-03,EVA_Foam,96044,0,7568,92788,112000,215637,True
2025-09-04,EVA_Foam,92788,0,8949,88937,112000,206688,True
2025-09-05,EVA_Foam,88937,0,7734,85609,112000,198954,True
2025-09-06,EVA_Foam,85609,0,4095,83847,112000,194859,True
2025-09-07,EVA_Foam,83847,0,5383,81531,112000,189476,True
2025-09-08,EVA_Foam,81531,0,7019,78511,112000,182457,True
2025-09-09,EVA_Foam,78511,0,7566,75255,112000,174891,True
2025-09-10,EVA_Foam,75255,0,9080,71348,112000,165811,True
2025-09-11,EVA_Foam,71348,74196,9081,141636,112000,329159,True
2025-09-12,EVA_Foam,141636,0,7876,138247,112000,321283,True
2025-09-13,EVA_Foam,138247,0,4501,136310,112000,316782,True
2025-09-14,EVA_Foam,136310,0,4552,134351,112000,312230,True
2025-09-15,EVA_Foam,134351,0,8414,130731,112000,303816,True
2025-09-16,EVA_Foam,130731,0,8605,127028,112000,295211,True
2025-09-17,EVA_Foam,127028,0,8699,123285,112000,286512,True
2025-09-18,EVA_Foam,123285,0,8695,119544,112000,277817,True
2025-09-19,EVA_Foam,119544,0,7018,116524,112000,270799,True
2025-09-20,EVA_Foam,116524,0,4791,114462,112000,266008,True
2025-09-21,EVA_Foam,114462,0,4162,112671,112000,261846,True
2025-09-22,EVA_Foam,112671,0,8118,109178,112000,253728,True
2025-09-23,EVA_Foam,109178,0,7859,105797,112000,245869,True
2025-09-24,EVA_Foam,105797,0,8930,101954,112000,236939,True
2025-09-25,EVA_Foam,101954,0,7642,98666,112000,229297,True
2025-09-26,EVA_Foam,98666,0,7080,95619,112000,222217,True
2025-09-27,EVA_Foam,95619,0,4285,93775,112000,217932,True
2025-09-28,EVA_Foam,93775,0,5176,91548,112000,212756,True
2025-09-29,EVA_Foam,91548,0,8283,87984,112000,204473,True
2025-09-30,EVA_Foam,87984,0,7042,84954,112000,197431,True
2025-10-01,EVA_Foam,84954,0,7001,81941,112000,190430,True
2025-10-02,EVA_Foam,81941,0,8482,78292,112000,181948,True
2025-10-03,EVA_Foam,78292,0,6974,75291,112000,174974,True
2025-10-04,EVA_Foam,75291,0,5263,73026,112000,169711,True
2025-10-05,EVA_Foam,73026,0,5096,70833,112000,164615,True
2025-10-06,EVA_Foam,70833,79326,6995,147149,112000,341971,True
2025-10-07,EVA_Foam,147149,0,7698,143836,112000,334273,True
2025-10-08,EVA_Foam,143836,0,7689,140528,112000,326584,True
2025-10-09,EVA_Foam,140528,0,8750,136763,112000,317834,True
2025-10-10,EVA_Foam,136763,0,9073,132859,112000,308761,True
2025-10-11,EVA_Foam,132859,0,5499,130493,112000,303262,True
2025-10-12,EVA_Foam,130493,0,5164,128271,112000,298098,True
2025-10-13,EVA_Foam,128271,0,7703,124956,112000,290395,True
2025-10-14,EVA_Foam,124956,0,7000,121944,112000,283395,True
2025-10-15,EVA_Foam,121944,0,8665,118215,112000,274730,True
2025-10-16,EVA_Foam,118215,0,8140,114713,112000,266590,True
2025-10-17,EVA_Foam,114713,0,7818,111349,112000,258772,True
2025-10-18,EVA_Foam,111349,0,5385,109032,112000,253387,True
2025-10-19,EVA_Foam,109032,0,4239,107207,112000,249148,True
2025-10-20,EVA_Foam,107207,0,7982,103773,112000,241166,True
2025-10-21,EVA_Foam,103773,0,6827,100835,112000,234339,True
2025-10-22,EVA_Foam,100835,0,7924,97426,112000,226415,True
2025-10-23,EVA_Foam,97426,0,6935,94441,112000,219480,True
2025-10-24,EVA_Foam,94441,0,7085,91393,112000,212395,True
2025-10-25,EVA_Foam,91393,0,4249,89564,112000,208146,True
2025-10-26,EVA_Foam,89564,0,5014,87407,112000,203132,True
2025-10-27,EVA_Foam,87407,0,8590,83711,112000,194542,True
2025-10-28,EVA_Foam,83711,0,8200,80182,112000,186342,True
2025-10-29,EVA_Foam,80182,0,9109,76263,112000,177233,True
2025-10-30,EVA_Foam,76263,0,7699,72950,112000,169534,True
2025-10-31,EVA_Foam,72950,0,7485,69729,112000,162049,True
2025-11-01,EVA_Foam,69729,78987,5330,146423,112000,340283,True
2025-11-02,EVA_Foam,146423,0,4097,144660,112000,336186,True
2025-11-03,EVA_Foam,144660,0,9127,140732,112000,327059,True
2025-11-04,EVA_Foam,140732,0,6903,137762,112000,320156,True
2025-11-05,EVA_Foam,137762,0,8938,133916,112000,311218,True
2025-11-06,EVA_Foam,133916,0,8066,130445,112000,303152,True
2025-11-07,EVA_Foam,130445,0,9183,126494,112000,293969,True
2025-11-08,EVA_Foam,126494,0,4186,124693,112000,289783,True
2025-11-09,EVA_Foam,124693,0,4877,122594,112000,284906,True
2025-11-10,EVA_Foam,122594,0,9126,118667,112000,275780,True
2025-11-11,EVA_Foam,118667,0,8055,115201,112000,267725,True
2025-11-12,EVA_Foam,115201,0,8310,111625,112000,259415,True
2025-11-13,EVA_Foam,111625,0,8469,107981,112000,250946,True
2025-11-14,EVA_Foam,107981,0,7890,104586,112000,243056,True
2025-11-15,EVA_Foam,104586,0,4983,102442,112000,238073,True
2025-11-16,EVA_Foam,102442,0,4921,100324,112000,233152,True
2025-11-17,EVA_Foam,100324,0,8962,96468,112000,224190,True
2025-11-18,EVA_Foam,96468,0,6909,93495,112000,217281,True
2025-11-19,EVA_Foam,93495,0,7474,90279,112000,209807,True
2025-11-20,EVA_Foam,90279,0,9080,86372,112000,200727,True
2025-11-21,EVA_Foam,86372,0,8936,82527,112000,191791,True
2025-11-22,EVA_Foam,82527,0,4735,80490,112000,187056,True
2025-11-23,EVA_Foam,80490,0,4972,78350,112000,182084,True
2025-11-24,EVA_Foam,78350,0,7465,75138,112000,174619,True
2025-11-25,EVA_Foam,75138,0,7251,72018,112000,167368,True
2025-11-26,EVA_Foam,72018,73499,7912,142112,112000,330266,True
2025-11-27,EVA_Foam,142112,0,6986,139106,112000,323280,True
2025-11-28,EVA_Foam,139106,0,9138,135174,112000,314142,True
2025-11-29,EVA_Foam,135174,0,5499,132808,112000,308643,True
2025-11-30,EVA_Foam,132808,0,5085,130620,112000,303558,True
2025-12-01,EVA_Foam,130620,0,8086,127141,112000,295472,True
2025-12-02,EVA_Foam,127141,0,7542,123895,112000,287930,True
2025-12-03,EVA_Foam,123895,0,8753,120129,112000,279177,True
2025-12-04,EVA_Foam,120129,0,8443,116496,112000,270734,True
2025-12-05,EVA_Foam,116496,0,7190,113402,112000,263544,True
2025-12-06,EVA_Foam,113402,0,5391,111082,112000,258153,True
2025-12-07,EVA_Foam,111082,0,5264,108817,112000,252889,True
2025-12-08,EVA_Foam,108817,0,9079,104911,112000,243810,True
2025-12-09,EVA_Foam,104911,0,8541,101235,112000,235269,True
2025-12-10,EVA_Foam,101235,0,8272,97676,112000,226997,True
2025-12-11,EVA_Foam,97676,0,7803,94318,112000,219194,True
2025-12-12,EVA_Foam,94318,0,9038,90429,112000,210156,True
2025-12-13,EVA_Foam,90429,0,5326,88138,112000,204830,True
2025-12-14,EVA_Foam,88138,0,4144,86354,112000,200686,True
2025-12-15,EVA_Foam,86354,0,6863,83401,112000,193823,True
2025-12-16,EVA_Foam,83401,0,7703,80087,112000,186120,True
2025-12-17,EVA_Foam,80087,0,8745,76324,112000,177375,True
2025-12-18,EVA_Foam,76324,0,9169,72378,112000,168206,True
2025-12-19,EVA_Foam,72378,0,7161,69297,112000,161045,True
2025-12-20,EVA_Foam,69297,79084,4935,146257,112000,339899,True
2025-12-21,EVA_Foam,146257,0,5292,143980,112000,334607,True
2025-12-22,EVA_Foam,143980,0,8811,140189,112000,325796,True
2025-12-23,EVA_Foam,140189,0,7924,136779,112000,317872,True
2025-12-24,EVA_Foam,136779,0,7795,133425,112000,310077,True
2025-12-25,EVA_Foam,133425,0,7456,130217,112000,302621,True
2025-12-26,EVA_Foam,130217,0,6935,127233,112000,295686,True
2025-12-27,EVA_Foam,127233,0,5325,124941,112000,290361,True
2025-12-28,EVA_Foam,124941,0,5250,122682,112000,285111,True
2025-12-29,EVA_Foam,122682,0,9199,118724,112000,275912,True
2025-12-30,EVA_Foam,118724,0,9191,114769,112000,266721,True
2025-09-01,Leather_FG,308749,0,14435,298845,210000,435565,True
2025-09-02,Leather_FG,298845,0,17028,287162,210000,418537,True
2025-09-03,Leather_FG,287162,0,16043,276154,210000,402494,True
2025-09-04,Leather_FG,276154,0,15443,265559,210000,387051,True
2025-09-05,Leather_FG,265559,0,13452,256329,210000,373599,True
2025-09-06,Leather_FG,256329,0,8070,250792,210000,365529,True
2025-09-07,Leather_FG,250792,0,7806,245437,210000,357723,True
2025-09-08,Leather_FG,245437,0,16647,234015,210000,341076,True
2025-09-09,Leather_FG,234015,0,15455,223411,210000,325621,True
2025-09-10,Leather_FG,223411,0,15936,212477,210000,309685,True
2025-09-11,Leather_FG,212477,0,12842,203666,210000,296843,True
2025-09-12,Leather_FG,203666,202371,16495,394720,210000,575303,True
2025-09-13,Leather_FG,394720,0,8145,389132,210000,567158,True
2025-09-14,Leather_FG,389132,0,8471,383320,210000,558687,True
2025-09-15,Leather_FG,383320,0,15111,372952,210000,543576,True
2025-09-16,Leather_FG,372952,0,14693,362871,210000,528883,True
2025-09-17,Leather_FG,362871,0,14060,353224,210000,514823,True
2025-09-18,Leather_FG,353224,0,15503,342587,210000,499320,True
2025-09-19,Leather_FG,342587,0,13377,333409,210000,485943,True
2025-09-20,Leather_FG,333409,0,8438,327620,210000,477505,True
2025-09-21,Leather_FG,327620,0,8638,321693,210000,468867,True
2025-09-22,Leather_FG,321693,0,14802,311538,210000,454065,True
2025-09-23,Leather_FG,311538,0,16283,300366,210000,437782,True
2025-09-24,Leather_FG,300366,0,13648,291002,210000,424134,True
2025-09-25,Leather_FG,291002,0,15064,280666,210000,409070,True
2025-09-26,Leather_FG,280666,0,15415,270090,210000,393655,True
2025-09-27,Leather_FG,270090,0,7775,264755,210000,385880,True
2025-09-28,Leather_FG,264755,0,9289,258382,210000,376591,True
2025-09-29,Leather_FG,258382,0,13517,249108,210000,363074,True
2025-09-30,Leather_FG,249108,0,13042,240160,210000,350032,True
2025-10-01,Leather_FG,240160,0,17019,228483,210000,333013,True
2025-10-02,Leather_FG,228483,0,17095,216754,210000,315918,True
2025-10-03,Leather_FG,216754,0,16387,205511,210000,299531,True
2025-10-04,Leather_FG,205511,224087,8472,423785,210000,617665,True
2025-10-05,Leather_FG,423785,0,8838,417721,210000,608827,True
2025-10-06,Leather_FG,417721,0,13299,408596,210000,595528,True
2025-10-07,Leather_FG,408596,0,14978,398320,210000,580550,True
2025-10-08,Leather_FG,398320,0,12904,389466,210000,567646,True
2025-10-09,Leather_FG,389466,0,16841,377912,210000,550805,True
2025-10-10,Leather_FG,377912,0,13914,368365,210000,536891,True
2025-10-11,Leather_FG,368365,0,9438,361890,210000,527453,True
2025-10-12,Leather_FG,361890,0,8491,356064,210000,518962,True
2025-10-13,Leather_FG,356064,0,15090,345711,210000,503872,True
2025-10-14,Leather_FG,345711,0,15210,335275,210000,488662,True
2025-10-15,Leather_FG,335275,0,13581,325957,210000,475081,True
2025-10-16,Leather_FG,325957,0,17113,314215,210000,457968,True
2025-10-17,Leather_FG,314215,0,16238,303074,210000,441730,True
2025-10-18,Leather_FG,303074,0,10186,296086,210000,431544,True
2025-10-19,Leather_FG,296086,0,10065,289180,210000,421479,True
2025-10-20,Leather_FG,289180,0,15440,278587,210000,406039,True
2025-10-21,Leather_FG,278587,0,16898,266993,210000,389141,True
2025-10-22,Leather_FG,266993,0,13148,257972,210000,375993,True
2025-10-23,Leather_FG,257972,0,13631,248619,210000,362362,True
2025-10-24,Leather_FG,248619,0,12953,239732,210000,349409,True
2025-10-25,Leather_FG,239732,0,8527,233882,210000,340882,True
2025-10-26,Leather_FG,233882,0,8699,227913,210000,332183,True
2025-10-27,Leather_FG,227913,0,13971,218328,210000,318212,True
2025-10-28,Leather_FG,218328,0,16479,207021,210000,301733,True
2025-10-29,Leather_FG,207021,217969,14355,415141,210000,605067,True
2025-10-30,Leather_FG,415141,0,13384,405958,210000,591683,True
2025-10-31,Leather_FG,405958,0,16359,394734,210000,575324,True
2025-11-01,Leather_FG,394734,0,7851,389348,210000,567473,True
2025-11-02,Leather_FG,389348,0,10314,382271,210000,557159,True
2025-11-03,Leather_FG,382271,0,16225,371139,210000,540934,True
2025-11-04,Leather_FG,371139,0,13644,361778,210000,527290,True
2025-11-05,Leather_FG,361778,0,12774,353013,210000,514516,True
2025-11-06,Leather_FG,353013,0,16419,341748,210000,498097,True
2025-11-07,Leather_FG,341748,0,15930,330819,210000,482167,True
2025-11-08,Leather_FG,330819,0,9618,324220,210000,472549,True
2025-11-09,Leather_FG,324220,0,9732,317542,210000,462817,True
2025-11-10,Leather_FG,317542,0,13083,308566,210000,449734,True
2025-11-11,Leather_FG,308566,0,14363,298711,210000,435371,True
2025-11-12,Leather_FG,298711,0,13271,289606,210000,422100,True
2025-11-13,Leather_FG,289606,0,16633,278194,210000,405467,True
2025-11-14,Leather_FG,278194,0,15554,267522,210000,389913,True
2025-11-15,Leather_FG,267522,0,8543,261661,210000,381370,True
2025-11-16,Leather_FG,261661,0,7821,256295,210000,373549,True
2025-11-17,Leather_FG,256295,0,14149,246587,210000,359400,True
2025-11-18,Leather_FG,246587,0,14213,236836,210000,345187,True
2025-11-19,Leather_FG,236836,0,16033,225835,210000,329154,True
2025-11-20,Leather_FG,225835,0,15619,215119,210000,313535,True
2025-11-21,Leather_FG,215119,199681,16742,403313,210000,587828,True
2025-11-22,Leather_FG,403313,0,9575,396744,210000,578253,True
2025-11-23,Leather_FG,396744,0,9703,390087,210000,568550,True
2025-11-24,Leather_FG,390087,0,15275,379606,210000,553275,True
2025-11-25,Leather_FG,379606,0,16219,368478,210000,537056,True
2025-11-26,Leather_FG,368478,0,14972,358206,210000,522084,True
2025-11-27,Leather_FG,358206,0,15102,347844,210000,506982,True
2025-11-28,Leather_FG,347844,0,14673,337777,210000,492309,True
2025-11-29,Leather_FG,337777,0,7718,332482,210000,484591,True
2025-11-30,Leather_FG,332482,0,7941,327033,210000,476650,True
2025-12-01,Leather_FG,327033,0,12891,318189,210000,463759,True
2025-12-02,Leather_FG,318189,0,15613,307476,210000,448146,True
2025-12-03,Leather_FG,307476,0,14164,297758,210000,433982,True
2025-12-04,Leather_FG,297758,0,15038,287441,210000,418944,True
2025-12-05,Leather_FG,287441,0,16834,275891,210000,402110,True
2025-12-06,Leather_FG,275891,0,8322,270181,210000,393788,True
2025-12-07,Leather_FG,270181,0,8757,264173,210000,385031,True
2025-12-08,Leather_FG,264173,0,16149,253093,210000,368882,True
2025-12-09,Leather_FG,253093,0,13779,243639,210000,355103,True
2025-12-10,Leather_FG,243639,0,13096,234654,210000,342007,True
2025-12-11,Leather_FG,234654,0,14053,225012,210000,327954,True
2025-12-12,Leather_FG,225012,0,13475,215767,210000,314479,True
2025-12-13,Leather_FG,215767,0,10159,208796,210000,304320,True
2025-12-14,Leather_FG,208796,0,9360,202374,210000,294960,True
2025-12-15,Leather_FG,202374,233092,16366,424238,210000,618325,True
2025-12-16,Leather_FG,424238,0,15177,413825,210000,603148,True
2025-12-17,Leather_FG,413825,0,16383,402584,210000,586765,True
2025-12-18,Leather_FG,402584,0,16782,391070,210000,569983,True
2025-12-19,Leather_FG,391070,0,14181,381340,210000,555802,True
2025-12-20,Leather_FG,381340,0,7947,375888,210000,547855,True
2025-12-21,Leather_FG,375888,0,8265,370217,210000,539590,True
2025-12-22,Leather_FG,370217,0,14671,360151,210000,524919,True
2025-12-23,Leather_FG,360151,0,16431,348878,210000,508488,True
2025-12-24,Leather_FG,348878,0,16623,337472,210000,491865,True
2025-12-25,Leather_FG,337472,0,12781,328703,210000,479084,True
2025-12-26,Leather_FG,328703,0,15048,318379,210000,464036,True
2025-12-27,Leather_FG,318379,0,8776,312357,210000,455260,True
2025-12-28,Leather_FG,312357,0,8249,306698,210000,447011,True
2025-12-29,Leather_FG,306698,0,13289,297580,210000,433722,True
2025-12-30,Leather_FG,297580,0,14269,287790,210000,419453,True
2025-09-01,Leather_Suede,320605,0,18125,308499,224000,461875,True
2025-09-02,Leather_Suede,308499,0,15151,298379,224000,446724,True
2025-09-03,Leather_Suede,298379,0,16090,287632,224000,430634,True
2025-09-04,Leather_Suede,287632,0,16974,276295,224000,413660,True
2025-09-05,Leather_Suede,276295,0,15345,266046,224000,398315,True
2025-09-06,Leather_Suede,266046,0,10958,258726,224000,387357,True
2025-09-07,Leather_Suede,258726,0,10931,251425,224000,376426,True
2025-09-08,Leather_Suede,251425,0,14808,241535,224000,361618,True
2025-09-09,Leather_Suede,241535,0,15986,230857,224000,345632,True
2025-09-10,Leather_Suede,230857,0,15044,220809,224000,330588,True
2025-09-11,Leather_Suede,220809,229341,14967,440153,224000,658983,True
2025-09-12,Leather_Suede,440153,0,16012,429458,224000,642971,True
2025-09-13,Leather_Suede,429458,0,8308,423909,224000,634663,True
2025-09-14,Leather_Suede,423909,0,8962,417923,224000,625701,True
2025-09-15,Leather_Suede,417923,0,17959,405928,224000,607742,True
2025-09-16,Leather_Suede,405928,0,14749,396076,224000,592993,True
2025-09-17,Leather_Suede,396076,0,14295,386528,224000,578698,True
2025-09-18,Leather_Suede,386528,0,15949,375876,224000,562749,True
2025-09-19,Leather_Suede,375876,0,18331,363632,224000,544418,True
2025-09-20,Leather_Suede,363632,0,8856,357717,224000,535562,True
2025-09-21,Leather_Suede,357717,0,10095,350974,224000,525467,True
2025-09-22,Leather_Suede,350974,0,17255,339449,224000,508212,True
2025-09-23,Leather_Suede,339449,0,14740,329604,224000,493472,True
2025-09-24,Leather_Suede,329604,0,17095,318185,224000,476377,True
2025-09-25,Leather_Suede,318185,0,15365,307923,224000,461012,True
2025-09-26,Leather_Suede,307923,0,16635,296812,224000,444377,True
2025-09-27,Leather_Suede,296812,0,9984,290143,224000,434393,True
2025-09-28,Leather_Suede,290143,0,9702,283663,224000,424691,True
2025-09-29,Leather_Suede,283663,0,14033,274290,224000,410658,True
2025-09-30,Leather_Suede,274290,0,17609,262528,224000,393049,True
2025-10-01,Leather_Suede,262528,0,15139,252416,224000,377910,True
2025-10-02,Leather_Suede,252416,0,14495,242735,224000,363415,True
2025-10-03,Leather_Suede,242735,0,13795,233521,224000,349620,True
2025-10-04,Leather_Suede,233521,0,9861,226934,224000,339759,True
2025-10-05,Leather_Suede,226934,0,10111,220181,224000,329648,True
2025-10-06,Leather_Suede,220181,212148,13679,423192,224000,633590,True
2025-10-07,Leather_Suede,423192,0,16696,412040,224000,616894,True
2025-10-08,Leather_Suede,412040,0,14436,402398,224000,602458,True
2025-10-09,Leather_Suede,402398,0,16916,391100,224000,585542,True
2025-10-10,Leather_Suede,391100,0,15456,380776,224000,570086,True
2025-10-11,Leather_Suede,380776,0,10857,373524,224000,559229,True
2025-10-12,Leather_Suede,373524,0,8556,367810,224000,550673,True
2025-10-13,Leather_Suede,367810,0,15237,357632,224000,535436,True
2025-10-14,Leather_Suede,357632,0,14144,348185,224000,521292,True
2025-10-15,Leather_Suede,348185,0,18038,336137,224000,503254,True
2025-10-16,Leather_Suede,336137,0,17811,324241,224000,485443,True
2025-10-17,Leather_Suede,324241,0,14838,314330,224000,470605,True
2025-10-18,Leather_Suede,314330,0,10060,307611,224000,460545,True
2025-10-19,Leather_Suede,307611,0,10513,300589,224000,450032,True
2025-10-20,Leather_Suede,300589,0,16264,289726,224000,433768,True
2025-10-21,Leather_Suede,289726,0,16142,278944,224000,417626,True
2025-10-22,Leather_Suede,278944,0,14760,269085,224000,402866,True
2025-10-23,Leather_Suede,269085,0,14046,259704,224000,388820,True
2025-10-24,Leather_Suede,259704,0,17906,247744,224000,370914,True
2025-10-25,Leather_Suede,247744,0,10753,240561,224000,360161,True
2025-10-26,Leather_Suede,240561,0,9982,233894,224000,350179,True
2025-10-27,Leather_Suede,233894,0,15227,223724,224000,334952,True
2025-10-28,Leather_Suede,223724,0,15276,213520,224000,319676,True
2025-10-29,Leather_Suede,213520,0,17906,201560,224000,301770,True
2025-10-30,Leather_Suede,201560,205758,17343,395735,224000,592482,True
2025-10-31,Leather_Suede,395735,0,14375,386134,224000,578107,True
2025-11-01,Leather_Suede,386134,0,10747,378955,224000,567360,True
2025-11-02,Leather_Suede,378955,0,9906,372339,224000,557454,True
2025-11-03,Leather_Suede,372339,0,13644,363226,224000,543810,True
2025-11-04,Leather_Suede,363226,0,14087,353817,224000,529723,True
2025-11-05,Leather_Suede,353817,0,16784,342606,224000,512939,True
2025-11-06,Leather_Suede,342606,0,13624,333506,224000,499315,True
2025-11-07,Leather_Suede,333506,0,14371,323907,224000,484944,True
2025-11-08,Leather_Suede,323907,0,9739,317402,224000,475205,True
2025-11-09,Leather_Suede,317402,0,10152,310622,224000,465053,True
2025-11-10,Leather_Suede,310622,0,16729,299448,224000,448324,True
2025-11-11,Leather_Suede,299448,0,14676,289645,224000,433648,True
2025-11-12,Leather_Suede,289645,0,17018,278279,224000,416630,True
2025-11-13,Leather_Suede,278279,0,14738,268435,224000,401892,True
2025-11-14,Leather_Suede,268435,0,15161,258308,224000,386731,True
2025-11-15,Leather_Suede,258308,0,10309,251423,224000,376422,True
2025-11-16,Leather_Suede,251423,0,10030,244723,224000,366392,True
2025-11-17,Leather_Suede,244723,0,17676,232917,224000,348716,True
2025-11-18,Leather_Suede,232917,0,16756,221725,224000,331960,True
2025-11-19,Leather_Suede,221725,218486,16327,429306,224000,642744,True
2025-11-20,Leather_Suede,429306,0,14872,419373,224000,627872,True
2025-11-21,Leather_Suede,419373,0,14771,409507,224000,613101,True
2025-11-22,Leather_Suede,409507,0,10962,402185,224000,602139,True
2025-11-23,Leather_Suede,402185,0,9291,395979,224000,592848,True
2025-11-24,Leather_Suede,395979,0,17881,384036,224000,574967,True
2025-11-25,Leather_Suede,384036,0,16629,372929,224000,558338,True
2025-11-26,Leather_Suede,372929,0,17415,361297,224000,540923,True
2025-11-27,Leather_Suede,361297,0,16012,350602,224000,524911,True
2025-11-28,Leather_Suede,350602,0,16369,339669,224000,508542,True
2025-11-29,Leather_Suede,339669,0,9578,333272,224000,498964,True
2025-11-30,Leather_Suede,333272,0,8722,327446,224000,490242,True
2025-12-01,Leather_Suede,327446,0,17067,316047,224000,473175,True
2025-12-02,Leather_Suede,316047,0,14947,306063,224000,458228,True
2025-12-03,Leather_Suede,306063,0,13716,296902,224000,444512,True
2025-12-04,Leather_Suede,296902,0,16698,285749,224000,427814,True
2025-12-05,Leather_Suede,285749,0,14450,276097,224000,413364,True
2025-12-06,Leather_Suede,276097,0,10868,268838,224000,402496,True
2025-12-07,Leather_Suede,268838,0,10906,261554,224000,391590,True
2025-12-08,Leather_Suede,261554,0,17991,249537,224000,373599,True
2025-12-09,Leather_Suede,249537,0,15376,239267,224000,358223,True
2025-12-10,Leather_Suede,239267,0,13674,230134,224000,344549,True
2025-12-11,Leather_Suede,230134,0,18055,218074,224000,326494,True
2025-12-12,Leather_Suede,218074,0,15655,207618,224000,310839,True
2025-12-13,Leather_Suede,207618,0,10935,200314,224000,299904,True
2025-12-14,Leather_Suede,200314,240184,9007,434482,224000,650493,True
2025-12-15,Leather_Suede,434482,0,15121,424382,224000,635372,True
2025-12-16,Leather_Suede,424382,0,14413,414756,224000,620959,True
2025-12-17,Leather_Suede,414756,0,16272,403887,224000,604687,True
2025-12-18,Leather_Suede,403887,0,18093,391802,224000,586594,True
2025-12-19,Leather_Suede,391802,0,16940,380488,224000,569654,True
2025-12-20,Leather_Suede,380488,0,9801,373941,224000,559853,True
2025-12-21,Leather_Suede,373941,0,8439,368305,224000,551414,True
2025-12-22,Leather_Suede,368305,0,16552,357249,224000,534862,True
2025-12-23,Leather_Suede,357249,0,18352,344991,224000,516510,True
2025-12-24,Leather_Suede,344991,0,14272,335459,224000,502238,True
2025-12-25,Leather_Suede,335459,0,16087,324714,224000,486151,True
2025-12-26,Leather_Suede,324714,0,17811,312817,224000,468340,True
2025-12-27,Leather_Suede,312817,0,10293,305942,224000,458047,True
2025-12-28,Leather_Suede,305942,0,10167,299151,224000,447880,True
2025-12-29,Leather_Suede,299151,0,16971,287816,224000,430909,True
2025-12-30,Leather_Suede,287816,0,15325,277580,224000,415584,True
2025-09-01,Metal_Buckle,54490,0,3706,52567,49000,101294,True
2025-09-02,Metal_Buckle,52567,0,3943,50521,49000,97351,True
2025-09-03,Metal_Buckle,50521,0,3717,48592,49000,93634,True
2025-09-04,Metal_Buckle,48592,0,3135,46965,49000,90499,True
2025-09-05,Metal_Buckle,46965,0,3580,45107,49000,86919,True
2025-09-06,Metal_Buckle,45107,0,2167,43982,49000,84752,True
2025-09-07,Metal_Buckle,43982,0,2052,42918,49000,82700,True
2025-09-08,Metal_Buckle,42918,0,3748,40972,49000,78952,True
2025-09-09,Metal_Buckle,40972,0,3956,38919,49000,74996,True
2025-09-10,Metal_Buckle,38919,0,3946,36872,49000,71050,True
2025-09-11,Metal_Buckle,36872,41842,3448,76924,49000,148229,True
2025-09-12,Metal_Buckle,76924,0,3855,74923,49000,144374,True
2025-09-13,Metal_Buckle,74923,0,1863,73957,49000,142511,True
2025-09-14,Metal_Buckle,73957,0,2364,72730,49000,140147,True
2025-09-15,Metal_Buckle,72730,0,3888,70712,49000,136259,True
2025-09-16,Metal_Buckle,70712,0,3519,68886,49000,132740,True
2025-09-17,Metal_Buckle,68886,0,3595,67020,49000,129145,True
2025-09-18,Metal_Buckle,67020,0,3393,65260,49000,125752,True
2025-09-19,Metal_Buckle,65260,0,3032,63686,49000,122720,True
2025-09-20,Metal_Buckle,63686,0,1995,62651,49000,120725,True
2025-09-21,Metal_Buckle,62651,0,2290,61462,49000,118435,True
2025-09-22,Metal_Buckle,61462,0,2979,59916,49000,115456,True
2025-09-23,Metal_Buckle,59916,0,3325,58191,49000,112131,True
2025-09-24,Metal_Buckle,58191,0,3393,56430,49000,108738,True
2025-09-25,Metal_Buckle,56430,0,3539,54593,49000,105199,True
2025-09-26,Metal_Buckle,54593,0,3940,52549,49000,101259,True
2025-09-27,Metal_Buckle,52549,0,2002,51510,49000,99257,True
2025-09-28,Metal_Buckle,51510,0,2003,50470,49000,97254,True
2025-09-29,Metal_Buckle,50470,0,3749,48525,49000,93505,True
2025-09-30,Metal_Buckle,48525,0,3449,46735,49000,90056,True
2025-10-01,Metal_Buckle,46735,0,3210,45069,49000,86846,True
2025-10-02,Metal_Buckle,45069,0,3450,43279,49000,83396,True
2025-10-03,Metal_Buckle,43279,0,3122,41659,49000,80274,True
2025-10-04,Metal_Buckle,41659,0,1896,40675,49000,78378,True
2025-10-05,Metal_Buckle,40675,0,2098,39586,49000,76280,True
2025-10-06,Metal_Buckle,39586,0,3414,37814,49000,72866,True
2025-10-07,Metal_Buckle,37814,38758,3935,74530,49000,143615,True
2025-10-08,Metal_Buckle,74530,0,3638,72642,49000,139977,True
2025-10-09,Metal_Buckle,72642,0,2988,71091,49000,136989,True
2025-10-10,Metal_Buckle,71091,0,3671,69186,49000,133318,True
2025-10-11,Metal_Buckle,69186,0,1896,68202,49000,131422,True
2025-10-12,Metal_Buckle,68202,0,2390,66962,49000,129032,True
2025-10-13,Metal_Buckle,66962,0,3131,65337,49000,125901,True
2025-10-14,Metal_Buckle,65337,0,3410,63567,49000,122491,True
2025-10-15,Metal_Buckle,63567,0,3064,61977,49000,119427,True
2025-10-16,Metal_Buckle,61977,0,4021,59890,49000,115406,True
2025-10-17,Metal_Buckle,59890,0,3502,58073,49000,111904,True
2025-10-18,Metal_Buckle,58073,0,2160,56952,49000,109744,True
2025-10-19,Metal_Buckle,56952,0,1827,56004,49000,107917,True
2025-10-20,Metal_Buckle,56004,0,3762,54052,49000,104155,True
2025-10-21,Metal_Buckle,54052,0,3195,52394,49000,100960,True
2025-10-22,Metal_Buckle,52394,0,3917,50361,49000,97043,True
2025-10-23,Metal_Buckle,50361,0,3190,48705,49000,93853,True
2025-10-24,Metal_Buckle,48705,0,3175,47058,49000,90678,True
2025-10-25,Metal_Buckle,47058,0,1807,46120,49000,88871,True
2025-10-26,Metal_Buckle,46120,0,2082,45040,49000,86789,True
2025-10-27,Metal_Buckle,45040,0,3568,43188,49000,83221,True
2025-10-28,Metal_Buckle,43188,0,3043,41609,49000,80178,True
2025-10-29,Metal_Buckle,41609,0,3789,39642,49000,76389,True
2025-10-30,Metal_Buckle,39642,0,3450,37852,49000,72939,True
2025-10-31,Metal_Buckle,37852,37386,3525,73409,49000,141456,True
2025-11-01,Metal_Buckle,73409,0,2137,72300,49000,139319,True
2025-11-02,Metal_Buckle,72300,0,1882,71323,49000,137437,True
2025-11-03,Metal_Buckle,71323,0,3166,69680,49000,134271,True
2025-11-04,Metal_Buckle,69680,0,3879,67667,49000,130392,True
2025-11-05,Metal_Buckle,67667,0,3968,65608,49000,126424,True
2025-11-06,Metal_Buckle,65608,0,3366,63861,49000,123058,True
2025-11-07,Metal_Buckle,63861,0,3259,62170,49000,119799,True
2025-11-08,Metal_Buckle,62170,0,2190,61034,49000,117609,True
2025-11-09,Metal_Buckle,61034,0,2042,59974,49000,115567,True
2025-11-10,Metal_Buckle,59974,0,3001,58417,49000,112566,True
2025-11-11,Metal_Buckle,58417,0,3138,56788,49000,109428,True
2025-11-12,Metal_Buckle,56788,0,3726,54854,49000,105702,True
2025-11-13,Metal_Buckle,54854,0,3666,52952,49000,102036,True
2025-11-14,Metal_Buckle,52952,0,3003,51394,49000,99033,True
2025-11-15,Metal_Buckle,51394,0,1924,50395,49000,97109,True
2025-11-16,Metal_Buckle,50395,0,1930,49394,49000,95179,True
2025-11-17,Metal_Buckle,49394,0,3680,47484,49000,91499,True
2025-11-18,Metal_Buckle,47484,0,2995,45930,49000,88504,True
2025-11-19,Metal_Buckle,45930,0,3084,44329,49000,85420,True
2025-11-20,Metal_Buckle,44329,0,3814,42350,49000,81606,True
2025-11-21,Metal_Buckle,42350,0,3162,40709,49000,78444,True
2025-11-22,Metal_Buckle,40709,0,2196,39569,49000,76248,True
2025-11-23,Metal_Buckle,39569,0,1935,38565,49000,74313,True
2025-11-24,Metal_Buckle,38565,0,3079,36967,49000,71234,True
2025-11-25,Metal_Buckle,36967,0,3230,35291,49000,68004,True
2025-11-26,Metal_Buckle,35291,0,3873,33281,49000,64131,True
2025-11-27,Metal_Buckle,33281,35893,3392,67414,49000,129903,True
2025-11-28,Metal_Buckle,67414,0,3282,65710,49000,126621,True
2025-11-29,Metal_Buckle,65710,0,2349,64491,49000,124272,True
2025-11-30,Metal_Buckle,64491,0,1792,63561,49000,122480,True
2025-12-01,Metal_Buckle,63561,0,3064,61971,49000,119416,True
2025-12-02,Metal_Buckle,61971,0,3193,60314,49000,116223,True
2025-12-03,Metal_Buckle,60314,0,3002,58756,49000,113221,True
2025-12-04,Metal_Buckle,58756,0,3165,57114,49000,110056,True
2025-12-05,Metal_Buckle,57114,0,3587,55253,49000,106469,True
2025-12-06,Metal_Buckle,55253,0,2050,54189,49000,104419,True
2025-12-07,Metal_Buckle,54189,0,2347,52971,49000,102072,True
2025-12-08,Metal_Buckle,52971,0,3833,50982,49000,98239,True
2025-12-09,Metal_Buckle,50982,0,3333,49252,49000,94906,True
2025-12-10,Metal_Buckle,49252,0,3247,47567,49000,91659,True
2025-12-11,Metal_Buckle,47567,0,3373,45816,49000,88286,True
2025-12-12,Metal_Buckle,45816,0,3594,43951,49000,84692,True
2025-12-13,Metal_Buckle,43951,0,1953,42938,49000,82739,True
2025-12-14,Metal_Buckle,42938,0,2178,41807,49000,80561,True
2025-12-15,Metal_Buckle,41807,0,3404,40041,49000,77157,True
2025-12-16,Metal_Buckle,40041,0,3554,38197,49000,73603,True
2025-12-17,Metal_Buckle,38197,0,3432,36416,49000,70171,True
2025-12-18,Metal_Buckle,36416,0,3284,34711,49000,66887,True
2025-12-19,Metal_Buckle,34711,40954,3776,73705,49000,142027,True
2025-12-20,Metal_Buckle,73705,0,2091,72620,49000,139936,True
2025-12-21,Metal_Buckle,72620,0,2348,71402,49000,137588,True
2025-12-22,Metal_Buckle,71402,0,3814,69423,49000,133774,True
2025-12-23,Metal_Buckle,69423,0,3421,67647,49000,130353,True
2025-12-24,Metal_Buckle,67647,0,2998,66091,49000,127355,True
2025-12-25,Metal_Buckle,66091,0,3257,64401,49000,124098,True
2025-12-26,Metal_Buckle,64401,0,3543,62563,49000,120555,True
2025-12-27,Metal_Buckle,62563,0,2184,61429,49000,118371,True
2025-12-28,Metal_Buckle,61429,0,1947,60419,49000,116424,True
2025-12-29,Metal_Buckle,60419,0,3121,58799,49000,113303,True
2025-12-30,Metal_Buckle,58799,0,3851,56801,49000,109452,True
2025-09-01,Metal_Eyelet,14077,0,1259,13540,15400,31741,True
2025-09-02,Metal_Eyelet,13540,0,1108,13068,15400,30633,True
2025-09-03,Metal_Eyelet,13068,0,991,12645,15400,29642,True
2025-09-04,Metal_Eyelet,12645,0,1024,12208,15400,28618,True
2025-09-05,Metal_Eyelet,12208,0,941,11807,15400,27677,True
2025-09-06,Metal_Eyelet,11807,0,741,11490,15400,26936,True
2025-09-07,Metal_Eyelet,11490,0,583,11242,15400,26353,True
2025-09-08,Metal_Eyelet,11242,0,1125,10762,15400,25228,True
2025-09-09,Metal_Eyelet,10762,0,1025,10325,15400,24203,True
2025-09-10,Metal_Eyelet,10325,0,1117,9848,15400,23086,True
2025-09-11,Metal_Eyelet,9848,0,1149,9358,15400,21937,True
2025-09-12,Metal_Eyelet,9358,9139,1003,18069,15400,42357,True
2025-09-13,Metal_Eyelet,18069,0,739,17754,15400,41618,True
2025-09-14,Metal_Eyelet,17754,0,733,17441,15400,40885,True
2025-09-15,Metal_Eyelet,17441,0,1132,16958,15400,39753,True
2025-09-16,Metal_Eyelet,16958,0,1133,16475,15400,38620,True
2025-09-17,Metal_Eyelet,16475,0,1154,15982,15400,37466,True
2025-09-18,Metal_Eyelet,15982,0,992,15559,15400,36474,True
2025-09-19,Metal_Eyelet,15559,0,1236,15032,15400,35238,True
2025-09-20,Metal_Eyelet,15032,0,643,14758,15400,34595,True
2025-09-21,Metal_Eyelet,14758,0,636,14486,15400,33959,True
2025-09-22,Metal_Eyelet,14486,0,1106,14015,15400,32853,True
2025-09-23,Metal_Eyelet,14015,0,950,13609,15400,31903,True
2025-09-24,Metal_Eyelet,13609,0,989,13187,15400,30914,True
2025-09-25,Metal_Eyelet,13187,0,1178,12685,15400,29736,True
2025-09-26,Metal_Eyelet,12685,0,962,12275,15400,28774,True
2025-09-27,Metal_Eyelet,12275,0,680,11984,15400,28094,True
2025-09-28,Metal_Eyelet,11984,0,609,11725,15400,27485,True
2025-09-29,Metal_Eyelet,11725,0,1063,11271,15400,26422,True
2025-09-30,Metal_Eyelet,11271,0,1030,10832,15400,25392,True
2025-10-01,Metal_Eyelet,10832,0,1052,10383,15400,24340,True
2025-10-02,Metal_Eyelet,10383,0,1172,9883,15400,23168,True
2025-10-03,Metal_Eyelet,9883,0,1033,9442,15400,22135,True
2025-10-04,Metal_Eyelet,9442,10177,672,19332,15400,45319,True
2025-10-05,Metal_Eyelet,19332,0,746,19014,15400,44573,True
2025-10-06,Metal_Eyelet,19014,0,1176,18512,15400,43397,True
2025-10-07,Metal_Eyelet,18512,0,1005,18084,15400,42392,True
2025-10-08,Metal_Eyelet,18084,0,945,17681,15400,41447,True
2025-10-09,Metal_Eyelet,17681,0,1021,17245,15400,40426,True
2025-10-10,Metal_Eyelet,17245,0,1131,16763,15400,39295,True
2025-10-11,Metal_Eyelet,16763,0,570,16519,15400,38725,True
2025-10-12,Metal_Eyelet,16519,0,658,16239,15400,38067,True
2025-10-13,Metal_Eyelet,16239,0,1131,15756,15400,36936,True
2025-10-14,Metal_Eyelet,15756,0,1045,15311,15400,35891,True
2025-10-15,Metal_Eyelet,15311,0,1189,14803,15400,34702,True
2025-10-16,Metal_Eyelet,14803,0,970,14390,15400,33732,True
2025-10-17,Metal_Eyelet,14390,0,959,13980,15400,32773,True
2025-10-18,Metal_Eyelet,13980,0,705,13680,15400,32068,True
2025-10-19,Metal_Eyelet,13680,0,658,13399,15400,31410,True
2025-10-20,Metal_Eyelet,13399,0,1162,12903,15400,30248,True
2025-10-21,Metal_Eyelet,12903,0,1078,12443,15400,29170,True
2025-10-22,Metal_Eyelet,12443,0,1016,12010,15400,28154,True
2025-10-23,Metal_Eyelet,12010,0,1205,11496,15400,26949,True
2025-10-24,Metal_Eyelet,11496,0,1198,10985,15400,25751,True
2025-10-25,Metal_Eyelet,10985,0,698,10687,15400,25053,True
2025-10-26,Metal_Eyelet,10687,0,614,10425,15400,24439,True
2025-10-27,Metal_Eyelet,10425,0,1129,9944,15400,23310,True
2025-10-28,Metal_Eyelet,9944,0,1054,9494,15400,22256,True
2025-10-29,Metal_Eyelet,9494,0,965,9082,15400,21291,True
2025-10-30,Metal_Eyelet,9082,0,980,8664,15400,20311,True
2025-10-31,Metal_Eyelet,8664,9936,1082,18139,15400,42522,True
2025-11-01,Metal_Eyelet,18139,0,733,17827,15400,41789,True
2025-11-02,Metal_Eyelet,17827,0,705,17526,15400,41084,True
2025-11-03,Metal_Eyelet,17526,0,1201,17013,15400,39883,True
2025-11-04,Metal_Eyelet,17013,0,1152,16522,15400,38731,True
2025-11-05,Metal_Eyelet,16522,0,1163,16026,15400,37568,True
2025-11-06,Metal_Eyelet,16026,0,1215,15508,15400,36353,True
2025-11-07,Metal_Eyelet,15508,0,1017,15074,15400,35336,True
2025-11-08,Metal_Eyelet,15074,0,657,14794,15400,34679,True
2025-11-09,Metal_Eyelet,14794,0,604,14536,15400,34075,True
2025-11-10,Metal_Eyelet,14536,0,1260,13998,15400,32815,True
2025-11-11,Metal_Eyelet,13998,0,1246,13467,15400,31569,True
2025-11-12,Metal_Eyelet,13467,0,948,13062,15400,30621,True
2025-11-13,Metal_Eyelet,13062,0,1167,12565,15400,29454,True
2025-11-14,Metal_Eyelet,12565,0,1240,12036,15400,28214,True
2025-11-15,Metal_Eyelet,12036,0,596,11781,15400,27618,True
2025-11-16,Metal_Eyelet,11781,0,673,11494,15400,26945,True
2025-11-17,Metal_Eyelet,11494,0,1237,10967,15400,25708,True
2025-11-18,Metal_Eyelet,10967,0,946,10563,15400,24762,True
2025-11-19,Metal_Eyelet,10563,0,1165,10066,15400,23597,True
2025-11-20,Metal_Eyelet,10066,0,1033,9625,15400,22564,True
2025-11-21,Metal_Eyelet,9625,0,1240,9096,15400,21324,True
2025-11-22,Metal_Eyelet,9096,10567,747,19345,15400,45349,True
2025-11-23,Metal_Eyelet,19345,0,727,19035,15400,44622,True
2025-11-24,Metal_Eyelet,19035,0,1040,18591,15400,43582,True
2025-11-25,Metal_Eyelet,18591,0,1208,18076,15400,42374,True
2025-11-26,Metal_Eyelet,18076,0,947,17672,15400,41427,True
2025-11-27,Metal_Eyelet,17672,0,1131,17190,15400,40296,True
2025-11-28,Metal_Eyelet,17190,0,1010,16759,15400,39286,True
2025-11-29,Metal_Eyelet,16759,0,584,16510,15400,38702,True
2025-11-30,Metal_Eyelet,16510,0,576,16264,15400,38126,True
2025-12-01,Metal_Eyelet,16264,0,1164,15767,15400,36962,True
2025-12-02,Metal_Eyelet,15767,0,1047,15321,15400,35915,True
2025-12-03,Metal_Eyelet,15321,0,1174,14820,15400,34741,True
2025-12-04,Metal_Eyelet,14820,0,956,14412,15400,33785,True
2025-12-05,Metal_Eyelet,14412,0,1039,13969,15400,32746,True
2025-12-06,Metal_Eyelet,13969,0,667,13684,15400,32079,True
2025-12-07,Metal_Eyelet,13684,0,717,13379,15400,31362,True
2025-12-08,Metal_Eyelet,13379,0,1040,12935,15400,30322,True
2025-12-09,Metal_Eyelet,12935,0,1141,12448,15400,29181,True
2025-12-10,Metal_Eyelet,12448,0,1227,11925,15400,27954,True
2025-12-11,Metal_Eyelet,11925,0,1138,11439,15400,26816,True
2025-12-12,Metal_Eyelet,11439,0,1011,11008,15400,25805,True
2025-12-13,Metal_Eyelet,11008,0,565,10767,15400,25240,True
2025-12-14,Metal_Eyelet,10767,0,733,10454,15400,24507,True
2025-12-15,Metal_Eyelet,10454,0,942,10052,15400,23565,True
2025-12-16,Metal_Eyelet,10052,0,1223,9531,15400,22342,True
2025-12-17,Metal_Eyelet,9531,0,1109,9058,15400,21233,True
2025-12-18,Metal_Eyelet,9058,0,1198,8547,15400,20035,True
2025-12-19,Metal_Eyelet,8547,0,1050,8099,15400,18985,True
2025-12-20,Metal_Eyelet,8099,10105,640,17931,15400,42034,True
2025-12-21,Metal_Eyelet,17931,0,733,17618,15400,41301,True
2025-12-22,Metal_Eyelet,17618,0,1259,17081,15400,40042,True
2025-12-23,Metal_Eyelet,17081,0,1188,16575,15400,38854,True
2025-12-24,Metal_Eyelet,16575,0,1072,16117,15400,37782,True
2025-12-25,Metal_Eyelet,16117,0,1074,15659,15400,36708,True
2025-12-26,Metal_Eyelet,15659,0,1178,15157,15400,35530,True
2025-12-27,Metal_Eyelet,15157,0,607,14898,15400,34923,True
2025-12-28,Metal_Eyelet,14898,0,582,14649,15400,34341,True
2025-12-29,Metal_Eyelet,14649,0,1052,14201,15400,33289,True
2025-12-30,Metal_Eyelet,14201,0,1029,13762,15400,32260,True
2025-09-01,Metal_Zip,15560,0,1126,15073,16800,34874,True
2025-09-02,Metal_Zip,15073,0,1104,14596,16800,33770,True
2025-09-03,Metal_Zip,14596,0,1035,14148,16800,32735,True
2025-09-04,Metal_Zip,14148,0,1026,13705,16800,31709,True
2025-09-05,Metal_Zip,13705,0,1375,13111,16800,30334,True
2025-09-06,Metal_Zip,13111,0,703,12807,16800,29631,True
2025-09-07,Metal_Zip,12807,0,694,12507,16800,28937,True
2025-09-08,Metal_Zip,12507,0,1264,11961,16800,27673,True
2025-09-09,Metal_Zip,11961,0,1098,11486,16800,26575,True
2025-09-10,Metal_Zip,11486,0,1361,10898,16800,25214,True
2025-09-11,Metal_Zip,10898,0,1303,10335,16800,23911,True
2025-09-12,Metal_Zip,10335,11717,1052,21597,16800,49969,True
2025-09-13,Metal_Zip,21597,0,816,21244,16800,49153,True
2025-09-14,Metal_Zip,21244,0,712,20937,16800,48441,True
2025-09-15,Metal_Zip,20937,0,1240,20401,16800,47201,True
2025-09-16,Metal_Zip,20401,0,1080,19934,16800,46121,True
2025-09-17,Metal_Zip,19934,0,1376,19339,16800,44745,True
2025-09-18,Metal_Zip,19339,0,1103,18863,16800,43642,True
2025-09-19,Metal_Zip,18863,0,1359,18275,16800,42283,True
2025-09-20,Metal_Zip,18275,0,751,17951,16800,41532,True
2025-09-21,Metal_Zip,17951,0,742,17630,16800,40790,True
2025-09-22,Metal_Zip,17630,0,1204,17110,16800,39586,True
2025-09-23,Metal_Zip,17110,0,1103,16633,16800,38483,True
2025-09-24,Metal_Zip,16633,0,1083,16165,16800,37400,True
2025-09-25,Metal_Zip,16165,0,1099,15690,16800,36301,True
2025-09-26,Metal_Zip,15690,0,1087,15220,16800,35214,True
2025-09-27,Metal_Zip,15220,0,780,14883,16800,34434,True
2025-09-28,Metal_Zip,14883,0,687,14586,16800,33747,True
2025-09-29,Metal_Zip,14586,0,1040,14136,16800,32707,True
2025-09-30,Metal_Zip,14136,0,1368,13545,16800,31339,True
2025-10-01,Metal_Zip,13545,0,1338,12967,16800,30001,True
2025-10-02,Metal_Zip,12967,0,1353,12382,16800,28648,True
2025-10-03,Metal_Zip,12382,0,1378,11786,16800,27270,True
2025-10-04,Metal_Zip,11786,0,649,11506,16800,26621,True
2025-10-05,Metal_Zip,11506,0,697,11205,16800,25924,True
2025-10-06,Metal_Zip,11205,0,1292,10646,16800,24632,True
2025-10-07,Metal_Zip,10646,11579,1270,21677,16800,50153,True
2025-10-08,Metal_Zip,21677,0,1100,21201,16800,49053,True
2025-10-09,Metal_Zip,21201,0,1100,20726,16800,47953,True
2025-10-10,Metal_Zip,20726,0,1213,20202,16800,46740,True
2025-10-11,Metal_Zip,20202,0,739,19882,16800,46001,True
2025-10-12,Metal_Zip,19882,0,736,19564,16800,45265,True
2025-10-13,Metal_Zip,19564,0,1052,19109,16800,44213,True
2025-10-14,Metal_Zip,19109,0,1335,18532,16800,42878,True
2025-10-15,Metal_Zip,18532,0,1115,18050,16800,41763,True
2025-10-16,Metal_Zip,18050,0,1066,17590,16800,40697,True
2025-10-17,Metal_Zip,17590,0,1339,17011,16800,39358,True
2025-10-18,Metal_Zip,17011,0,818,16657,16800,38540,True
2025-10-19,Metal_Zip,16657,0,798,16313,16800,37742,True
2025-10-20,Metal_Zip,16313,0,1311,15746,16800,36431,True
2025-10-21,Metal_Zip,15746,0,1255,15203,16800,35176,True
2025-10-22,Metal_Zip,15203,0,1218,14677,16800,33958,True
2025-10-23,Metal_Zip,14677,0,1051,14223,16800,32907,True
2025-10-24,Metal_Zip,14223,0,1167,13718,16800,31740,True
2025-10-25,Metal_Zip,13718,0,692,13419,16800,31048,True
2025-10-26,Metal_Zip,13419,0,667,13131,16800,30381,True
2025-10-27,Metal_Zip,13131,0,1280,12578,16800,29101,True
2025-10-28,Metal_Zip,12578,0,1198,12060,16800,27903,True
2025-10-29,Metal_Zip,12060,0,1049,11607,16800,26854,True
2025-10-30,Metal_Zip,11607,0,1099,11132,16800,25755,True
2025-10-31,Metal_Zip,11132,0,1265,10585,16800,24490,True
2025-11-01,Metal_Zip,10585,0,628,10313,16800,23862,True
2025-11-02,Metal_Zip,10313,11093,718,21096,16800,48809,True
2025-11-03,Metal_Zip,21096,0,1316,20527,16800,47493,True
2025-11-04,Metal_Zip,20527,0,1145,20032,16800,46348,True
2025-11-05,Metal_Zip,20032,0,1264,19486,16800,45084,True
2025-11-06,Metal_Zip,19486,0,1223,18957,16800,43861,True
2025-11-07,Metal_Zip,18957,0,1116,18475,16800,42745,True
2025-11-08,Metal_Zip,18475,0,801,18129,16800,41944,True
2025-11-09,Metal_Zip,18129,0,784,17790,16800,41160,True
2025-11-10,Metal_Zip,17790,0,1257,17247,16800,39903,True
2025-11-11,Metal_Zip,17247,0,1326,16673,16800,38577,True
2025-11-12,Metal_Zip,16673,0,1332,16098,16800,37245,True
2025-11-13,Metal_Zip,16098,0,1275,15547,16800,35970,True
2025-11-14,Metal_Zip,15547,0,1321,14976,16800,34649,True
2025-11-15,Metal_Zip,14976,0,762,14646,16800,33887,True
2025-11-16,Metal_Zip,14646,0,758,14319,16800,33129,True
2025-11-17,Metal_Zip,14319,0,1242,13782,16800,31887,True
2025-11-18,Metal_Zip,13782,0,1290,13224,16800,30597,True
2025-11-19,Metal_Zip,13224,0,1077,12759,16800,29520,True
2025-11-20,Metal_Zip,12759,0,1337,12181,16800,28183,True
2025-11-21,Metal_Zip,12181,0,1333,11605,16800,26850,True
2025-11-22,Metal_Zip,11605,0,618,11338,16800,26232,True
2025-11-23,Metal_Zip,11338,0,790,10996,16800,25442,True
2025-11-24,Metal_Zip,10996,0,1066,10536,16800,24376,True
2025-11-25,Metal_Zip,10536,0,1140,10043,16800,23236,True
2025-11-26,Metal_Zip,10043,0,1077,9577,16800,22159,True
2025-11-27,Metal_Zip,9577,9817,1319,18824,16800,43553,True
2025-11-28,Metal_Zip,18824,0,1123,18339,16800,42430,True
2025-11-29,Metal_Zip,18339,0,745,18017,16800,41685,True
2025-11-30,Metal_Zip,18017,0,823,17661,16800,40862,True
2025-12-01,Metal_Zip,17661,0,1247,17122,16800,39615,True
2025-12-02,Metal_Zip,17122,0,1113,16641,16800,38502,True
2025-12-03,Metal_Zip,16641,0,1248,16102,16800,37254,True
2025-12-04,Metal_Zip,16102,0,1214,15577,16800,36040,True
2025-12-05,Metal_Zip,15577,0,1300,15015,16800,34740,True
2025-12-06,Metal_Zip,15015,0,634,14741,16800,34106,True
2025-12-07,Metal_Zip,14741,0,775,14406,16800,33331,True
2025-12-08,Metal_Zip,14406,0,1214,13881,16800,32117,True
2025-12-09,Metal_Zip,13881,0,1366,13291,16800,30751,True
2025-12-10,Metal_Zip,13291,0,1143,12797,16800,29608,True
2025-12-11,Metal_Zip,12797,0,1247,12258,16800,28361,True
2025-12-12,Metal_Zip,12258,0,1355,11672,16800,27006,True
2025-12-13,Metal_Zip,11672,0,633,11399,16800,26373,True
2025-12-14,Metal_Zip,11399,0,814,11047,16800,25559,True
2025-12-15,Metal_Zip,11047,0,1267,10499,16800,24292,True
2025-12-16,Metal_Zip,10499,11345,1044,21393,16800,49497,True
2025-12-17,Metal_Zip,21393,0,1044,20942,16800,48453,True
2025-12-18,Metal_Zip,20942,0,1229,20411,16800,47224,True
2025-12-19,Metal_Zip,20411,0,1144,19916,16800,46080,True
2025-12-20,Metal_Zip,19916,0,745,19594,16800,45335,True
2025-12-21,Metal_Zip,19594,0,621,19326,16800,44714,True
2025-12-22,Metal_Zip,19326,0,1333,18750,16800,43381,True
2025-12-23,Metal_Zip,18750,0,1370,18158,16800,42011,True
2025-12-24,Metal_Zip,18158,0,1368,17566,16800,40643,True
2025-12-25,Metal_Zip,17566,0,1289,17009,16800,39354,True
2025-12-26,Metal_Zip,17009,0,1066,16549,16800,38288,True
2025-12-27,Metal_Zip,16549,0,775,16214,16800,37513,True
2025-12-28,Metal_Zip,16214,0,616,15947,16800,36897,True
2025-12-29,Metal_Zip,15947,0,1027,15503,16800,35870,True
2025-12-30,Metal_Zip,15503,0,1136,15012,16800,34734,True
2025-09-01,Rubber_Sole,340847,0,23451,330189,350000,726549,True
2025-09-02,Rubber_Sole,330189,0,27320,317773,350000,699229,True
2025-09-03,Rubber_Sole,317773,0,27325,305355,350000,671904,True
2025-09-04,Rubber_Sole,305355,0,27753,292742,350000,644151,True
2025-09-05,Rubber_Sole,292742,0,28099,279973,350000,616052,True
2025-09-06,Rubber_Sole,279973,0,15051,273132,350000,601001,True
2025-09-07,Rubber_Sole,273132,0,15006,266313,350000,585995,True
2025-09-08,Rubber_Sole,266313,0,27237,253935,350000,558758,True
2025-09-09,Rubber_Sole,253935,0,26124,242062,350000,532634,True
2025-09-10,Rubber_Sole,242062,0,26514,230013,350000,506120,True
2025-09-11,Rubber_Sole,230013,0,27218,217643,350000,478902,True
2025-09-12,Rubber_Sole,217643,219219,23784,426053,350000,937487,True
2025-09-13,Rubber_Sole,426053,0,15352,419076,350000,922135,True
2025-09-14,Rubber_Sole,419076,0,12911,413208,350000,909224,True
2025-09-15,Rubber_Sole,413208,0,24741,401964,350000,884483,True
2025-09-16,Rubber_Sole,401964,0,25319,390458,350000,859164,True
2025-09-17,Rubber_Sole,390458,0,23399,379824,350000,835765,True
2025-09-18,Rubber_Sole,379824,0,25681,368153,350000,810084,True
2025-09-19,Rubber_Sole,368153,0,21478,358392,350000,788606,True
2025-09-20,Rubber_Sole,358392,0,12918,352521,350000,775688,True
2025-09-21,Rubber_Sole,352521,0,16451,345045,350000,759237,True
2025-09-22,Rubber_Sole,345045,0,23951,334160,350000,735286,True
2025-09-23,Rubber_Sole,334160,0,22202,324070,350000,713084,True
2025-09-24,Rubber_Sole,324070,0,25166,312633,350000,687918,True
2025-09-25,Rubber_Sole,312633,0,27024,300352,350000,660894,True
2025-09-26,Rubber_Sole,300352,0,22868,289959,350000,638026,True
2025-09-27,Rubber_Sole,289959,0,15552,282891,350000,622474,True
2025-09-28,Rubber_Sole,282891,0,13134,276922,350000,609340,True
2025-09-29,Rubber_Sole,276922,0,21637,267089,350000,587703,True
2025-09-30,Rubber_Sole,267089,0,25235,255621,350000,562468,True
2025-10-01,Rubber_Sole,255621,0,25304,244121,350000,537164,True
2025-10-02,Rubber_Sole,244121,0,26030,232291,350000,511134,True
2025-10-03,Rubber_Sole,232291,0,26695,220159,350000,484439,True
2025-10-04,Rubber_Sole,220159,252678,15073,465988,350000,1025360,True
2025-10-05,Rubber_Sole,465988,0,13968,459640,350000,1011392,True
2025-10-06,Rubber_Sole,459640,0,24542,448486,350000,986850,True
2025-10-07,Rubber_Sole,448486,0,21838,438562,350000,965012,True
2025-10-08,Rubber_Sole,438562,0,21440,428818,350000,943572,True
2025-10-09,Rubber_Sole,428818,0,28469,415880,350000,915103,True
2025-10-10,Rubber_Sole,415880,0,27519,403374,350000,887584,True
2025-10-11,Rubber_Sole,403374,0,15881,396156,350000,871703,True
2025-10-12,Rubber_Sole,396156,0,14590,389526,350000,857113,True
2025-10-13,Rubber_Sole,389526,0,22549,379278,350000,834564,True
2025-10-14,Rubber_Sole,379278,0,22423,369088,350000,812141,True
2025-10-15,Rubber_Sole,369088,0,23126,358578,350000,789015,True
2025-10-16,Rubber_Sole,358578,0,25369,347048,350000,763646,True
2025-10-17,Rubber_Sole,347048,0,26609,334956,350000,737037,True
2025-10-18,Rubber_Sole,334956,0,15720,327812,350000,721317,True
2025-10-19,Rubber_Sole,327812,0,14009,321445,350000,707308,True
2025-10-20,Rubber_Sole,321445,0,28411,308533,350000,678897,True
2025-10-21,Rubber_Sole,308533,0,26784,296361,350000,652113,True
2025-10-22,Rubber_Sole,296361,0,25407,284814,350000,626706,True
2025-10-23,Rubber_Sole,284814,0,25837,273072,350000,600869,True
2025-10-24,Rubber_Sole,273072,0,24397,261985,350000,576472,True
2025-10-25,Rubber_Sole,261985,0,13864,255684,350000,562608,True
2025-10-26,Rubber_Sole,255684,0,14351,249162,350000,548257,True
2025-10-27,Rubber_Sole,249162,0,26933,236922,350000,521324,True
2025-10-28,Rubber_Sole,236922,216929,21357,444145,350000,977298,True
2025-10-29,Rubber_Sole,444145,0,21555,434349,350000,955743,True
2025-10-30,Rubber_Sole,434349,0,27665,421777,350000,928078,True
2025-10-31,Rubber_Sole,421777,0,26527,409721,350000,901551,True
2025-11-01,Rubber_Sole,409721,0,14883,402957,350000,886668,True
2025-11-02,Rubber_Sole,402957,0,13189,396963,350000,873479,True
2025-11-03,Rubber_Sole,396963,0,24937,385630,350000,848542,True
2025-11-04,Rubber_Sole,385630,0,24801,374359,350000,823741,True
2025-11-05,Rubber_Sole,374359,0,22549,364112,350000,801192,True
2025-11-06,Rubber_Sole,364112,0,24503,352976,350000,776689,True
2025-11-07,Rubber_Sole,352976,0,24238,341961,350000,752451,True
2025-11-08,Rubber_Sole,341961,0,15520,334907,350000,736931,True
2025-11-09,Rubber_Sole,334907,0,15607,327815,350000,721324,True
2025-11-10,Rubber_Sole,327815,0,21589,318003,350000,699735,True
2025-11-11,Rubber_Sole,318003,0,24059,307069,350000,675676,True
2025-11-12,Rubber_Sole,307069,0,25943,295279,350000,649733,True
2025-11-13,Rubber_Sole,295279,0,25023,283907,350000,624710,True
2025-11-14,Rubber_Sole,283907,0,27673,271331,350000,597037,True
2025-11-15,Rubber_Sole,271331,0,15714,264189,350000,581323,True
2025-11-16,Rubber_Sole,264189,0,13483,258062,350000,567840,True
2025-11-17,Rubber_Sole,258062,0,21779,248164,350000,546061,True
2025-11-18,Rubber_Sole,248164,0,26068,236317,350000,519993,True
2025-11-19,Rubber_Sole,236317,259600,21448,486170,350000,1069769,True
2025-11-20,Rubber_Sole,486170,0,25566,474551,350000,1044203,True
2025-11-21,Rubber_Sole,474551,0,24161,463571,350000,1020042,True
2025-11-22,Rubber_Sole,463571,0,15644,456461,350000,1004398,True
2025-11-23,Rubber_Sole,456461,0,14811,449730,350000,989587,True
2025-11-24,Rubber_Sole,449730,0,25342,438213,350000,964245,True
2025-11-25,Rubber_Sole,438213,0,28310,425347,350000,935935,True
2025-11-26,Rubber_Sole,425347,0,24145,414374,350000,911790,True
2025-11-27,Rubber_Sole,414374,0,28458,401441,350000,883332,True
2025-11-28,Rubber_Sole,401441,0,28040,388698,350000,855292,True
2025-11-29,Rubber_Sole,388698,0,13630,382504,350000,841662,True
2025-11-30,Rubber_Sole,382504,0,13062,376568,350000,828600,True
2025-12-01,Rubber_Sole,376568,0,22005,366567,350000,806595,True
2025-12-02,Rubber_Sole,366567,0,21386,356848,350000,785209,True
2025-12-03,Rubber_Sole,356848,0,21958,346869,350000,763251,True
2025-12-04,Rubber_Sole,346869,0,26372,334884,350000,736879,True
2025-12-05,Rubber_Sole,334884,0,21783,324984,350000,715096,True
2025-12-06,Rubber_Sole,324984,0,14185,318538,350000,700911,True
2025-12-07,Rubber_Sole,318538,0,16551,311016,350000,684360,True
2025-12-08,Rubber_Sole,311016,0,21424,301280,350000,662936,True
2025-12-09,Rubber_Sole,301280,0,27358,288846,350000,635578,True
2025-12-10,Rubber_Sole,288846,0,23363,278229,350000,612215,True
2025-12-11,Rubber_Sole,278229,0,22136,268169,350000,590079,True
2025-12-12,Rubber_Sole,268169,0,26475,256137,350000,563604,True
2025-12-13,Rubber_Sole,256137,0,15580,249056,350000,548024,True
2025-12-14,Rubber_Sole,249056,0,16698,241468,350000,531326,True
2025-12-15,Rubber_Sole,241468,0,26763,229305,350000,504563,True
2025-12-16,Rubber_Sole,229305,223201,27276,440110,350000,968419,True
2025-12-17,Rubber_Sole,440110,0,26879,427895,350000,941540,True
2025-12-18,Rubber_Sole,427895,0,27301,415487,350000,914239,True
2025-12-19,Rubber_Sole,415487,0,28678,402454,350000,885561,True
2025-12-20,Rubber_Sole,402454,0,14606,395816,350000,870955,True
2025-12-21,Rubber_Sole,395816,0,14424,389261,350000,856531,True
2025-12-22,Rubber_Sole,389261,0,27073,376958,350000,829458,True
2025-12-23,Rubber_Sole,376958,0,23806,366139,350000,805652,True
2025-12-24,Rubber_Sole,366139,0,28230,353309,350000,777422,True
2025-12-25,Rubber_Sole,353309,0,27688,340726,350000,749734,True
2025-12-26,Rubber_Sole,340726,0,24467,329607,350000,725267,True
2025-12-27,Rubber_Sole,329607,0,16128,322277,350000,709139,True
2025-12-28,Rubber_Sole,322277,0,16145,314940,350000,692994,True
2025-12-29,Rubber_Sole,314940,0,22023,304931,350000,670971,True
2025-12-30,Rubber_Sole,304931,0,28019,292198,350000,642952,True
2025-09-01,Textile_Lining,53030,0,2687,51446,42000,87313,True
2025-09-02,Textile_Lining,51446,0,2771,49814,42000,84542,True
2025-09-03,Textile_Lining,49814,0,2694,48226,42000,81848,True
2025-09-04,Textile_Lining,48226,0,2717,46625,42000,79131,True
2025-09-05,Textile_Lining,46625,0,2806,44972,42000,76325,True
2025-09-06,Textile_Lining,44972,0,1623,44016,42000,74702,True
2025-09-07,Textile_Lining,44016,0,2014,42829,42000,72688,True
2025-09-08,Textile_Lining,42829,0,2622,41284,42000,70066,True
2025-09-09,Textile_Lining,41284,0,3022,39503,42000,67044,True
2025-09-10,Textile_Lining,39503,0,2919,37784,42000,64125,True
2025-09-11,Textile_Lining,37784,0,3434,35760,42000,60691,True
2025-09-12,Textile_Lining,35760,40606,2650,74805,42000,126956,True
2025-09-13,Textile_Lining,74805,0,1996,73629,42000,124960,True
2025-09-14,Textile_Lining,73629,0,1971,72467,42000,122989,True
2025-09-15,Textile_Lining,72467,0,2782,70828,42000,120207,True
2025-09-16,Textile_Lining,70828,0,2703,69235,42000,117504,True
2025-09-17,Textile_Lining,69235,0,3151,67379,42000,114353,True
2025-09-18,Textile_Lining,67379,0,3386,65384,42000,110967,True
2025-09-19,Textile_Lining,65384,0,3051,63586,42000,107916,True
2025-09-20,Textile_Lining,63586,0,1838,62503,42000,106078,True
2025-09-21,Textile_Lining,62503,0,1680,61513,42000,104398,True
2025-09-22,Textile_Lining,61513,0,3242,59603,42000,101156,True
2025-09-23,Textile_Lining,59603,0,2718,58001,42000,98438,True
2025-09-24,Textile_Lining,58001,0,2841,56327,42000,95597,True
2025-09-25,Textile_Lining,56327,0,2932,54600,42000,92665,True
2025-09-26,Textile_Lining,54600,0,3006,52829,42000,89659,True
2025-09-27,Textile_Lining,52829,0,1660,51851,42000,87999,True
2025-09-28,Textile_Lining,51851,0,1591,50913,42000,86408,True
2025-09-29,Textile_Lining,50913,0,3099,49087,42000,83309,True
2025-09-30,Textile_Lining,49087,0,2809,47432,42000,80500,True
2025-10-01,Textile_Lining,47432,0,3073,45621,42000,77427,True
2025-10-02,Textile_Lining,45621,0,2688,44037,42000,74739,True
2025-10-03,Textile_Lining,44037,0,2983,42280,42000,71756,True
2025-10-04,Textile_Lining,42280,0,1817,41209,42000,69939,True
2025-10-05,Textile_Lining,41209,0,1557,40292,42000,68382,True
2025-10-06,Textile_Lining,40292,0,2852,38611,42000,65530,True
2025-10-07,Textile_Lining,38611,0,2670,37038,42000,62860,True
2025-10-08,Textile_Lining,37038,0,2607,35502,42000,60253,True
2025-10-09,Textile_Lining,35502,0,2840,33829,42000,57413,True
2025-10-10,Textile_Lining,33829,39052,2779,71243,42000,120912,True
2025-10-11,Textile_Lining,71243,0,1851,70153,42000,119061,True
2025-10-12,Textile_Lining,70153,0,1784,69102,42000,117277,True
2025-10-13,Textile_Lining,69102,0,2920,67381,42000,114357,True
2025-10-14,Textile_Lining,67381,0,2863,65694,42000,111494,True
2025-10-15,Textile_Lining,65694,0,3386,63699,42000,108108,True
2025-10-16,Textile_Lining,63699,0,3297,61756,42000,104811,True
2025-10-17,Textile_Lining,61756,0,3418,59742,42000,101393,True
2025-10-18,Textile_Lining,59742,0,1596,58802,42000,99797,True
2025-10-19,Textile_Lining,58802,0,1924,57668,42000,97873,True
2025-10-20,Textile_Lining,57668,0,3394,55669,42000,94479,True
2025-10-21,Textile_Lining,55669,0,2713,54070,42000,91766,True
2025-10-22,Textile_Lining,54070,0,2609,52533,42000,89157,True
2025-10-23,Textile_Lining,52533,0,3217,50637,42000,85940,True
2025-10-24,Textile_Lining,50637,0,3067,48830,42000,82873,True
2025-10-25,Textile_Lining,48830,0,1984,47661,42000,80889,True
2025-10-26,Textile_Lining,47661,0,1605,46715,42000,79284,True
2025-10-27,Textile_Lining,46715,0,3265,44792,42000,76019,True
2025-10-28,Textile_Lining,44792,0,2731,43183,42000,73288,True
2025-10-29,Textile_Lining,43183,0,2697,41593,42000,70591,True
2025-10-30,Textile_Lining,41593,0,2697,40004,42000,67894,True
2025-10-31,Textile_Lining,40004,0,3283,38070,42000,64611,True
2025-11-01,Textile_Lining,38070,0,1888,36957,42000,62723,True
2025-11-02,Textile_Lining,36957,39921,1812,75810,42000,128663,True
2025-11-03,Textile_Lining,75810,0,2903,74100,42000,125760,True
2025-11-04,Textile_Lining,74100,0,3284,72165,42000,122476,True
2025-11-05,Textile_Lining,72165,0,2945,70430,42000,119531,True
2025-11-06,Textile_Lining,70430,0,2889,68727,42000,116642,True
2025-11-07,Textile_Lining,68727,0,2966,66980,42000,113676,True
2025-11-08,Textile_Lining,66980,0,1692,65983,42000,111984,True
2025-11-09,Textile_Lining,65983,0,1933,64844,42000,110051,True
2025-11-10,Textile_Lining,64844,0,3002,63075,42000,107049,True
2025-11-11,Textile_Lining,63075,0,2758,61450,42000,104291,True
2025-11-12,Textile_Lining,61450,0,3359,59471,42000,100932,True
2025-11-13,Textile_Lining,59471,0,2895,57765,42000,98037,True
2025-11-14,Textile_Lining,57765,0,3039,55974,42000,94998,True
2025-11-15,Textile_Lining,55974,0,2019,54785,42000,92979,True
2025-11-16,Textile_Lining,54785,0,1866,53685,42000,91113,True
2025-11-17,Textile_Lining,53685,0,2655,52121,42000,88458,True
2025-11-18,Textile_Lining,52121,0,3395,50121,42000,85063,True
2025-11-19,Textile_Lining,50121,0,3114,48286,42000,81949,True
2025-11-20,Textile_Lining,48286,0,2851,46606,42000,79098,True
2025-11-21,Textile_Lining,46606,0,2675,45030,42000,76423,True
2025-11-22,Textile_Lining,45030,0,1958,43876,42000,74465,True
2025-11-23,Textile_Lining,43876,0,1864,42778,42000,72601,True
2025-11-24,Textile_Lining,42778,0,3030,40992,42000,69571,True
2025-11-25,Textile_Lining,40992,0,3354,39016,42000,66217,True
2025-11-26,Textile_Lining,39016,0,3259,37096,42000,62958,True
2025-11-27,Textile_Lining,37096,35253,2686,70767,42000,120103,True
2025-11-28,Textile_Lining,70767,0,3219,68870,42000,116884,True
2025-11-29,Textile_Lining,68870,0,1548,67958,42000,115336,True
2025-11-30,Textile_Lining,67958,0,1837,66876,42000,113499,True
2025-12-01,Textile_Lining,66876,0,3236,64969,42000,110263,True
2025-12-02,Textile_Lining,64969,0,3339,63001,42000,106924,True
2025-12-03,Textile_Lining,63001,0,2857,61318,42000,104067,True
2025-12-04,Textile_Lining,61318,0,3289,59380,42000,100778,True
2025-12-05,Textile_Lining,59380,0,2649,57819,42000,98129,True
2025-12-06,Textile_Lining,57819,0,1986,56649,42000,96143,True
2025-12-07,Textile_Lining,56649,0,1598,55708,42000,94545,True
2025-12-08,Textile_Lining,55708,0,2907,53995,42000,91638,True
2025-12-09,Textile_Lining,53995,0,3267,52070,42000,88371,True
2025-12-10,Textile_Lining,52070,0,2684,50488,42000,85687,True
2025-12-11,Textile_Lining,50488,0,2756,48864,42000,82931,True
2025-12-12,Textile_Lining,48864,0,3200,46979,42000,79731,True
2025-12-13,Textile_Lining,46979,0,1918,45849,42000,77813,True
2025-12-14,Textile_Lining,45849,0,1876,44743,42000,75937,True
2025-12-15,Textile_Lining,44743,0,3174,42873,42000,72763,True
2025-12-16,Textile_Lining,42873,0,3038,41083,42000,69725,True
2025-12-17,Textile_Lining,41083,0,2776,39447,42000,66949,True
2025-12-18,Textile_Lining,39447,0,2861,37762,42000,64088,True
2025-12-19,Textile_Lining,37762,0,2713,36163,42000,61375,True
2025-12-20,Textile_Lining,36163,36385,2020,71358,42000,121106,True
2025-12-21,Textile_Lining,71358,0,1779,70309,42000,119327,True
2025-12-22,Textile_Lining,70309,0,3402,68305,42000,115925,True
2025-12-23,Textile_Lining,68305,0,2688,66721,42000,113237,True
2025-12-24,Textile_Lining,66721,0,3077,64908,42000,110160,True
2025-12-25,Textile_Lining,64908,0,3005,63138,42000,107155,True
2025-12-26,Textile_Lining,63138,0,3100,61311,42000,104055,True
2025-12-27,Textile_Lining,61311,0,1539,60404,42000,102516,True
2025-12-28,Textile_Lining,60404,0,2000,59226,42000,100516,True
2025-12-29,Textile_Lining,59226,0,3388,57229,42000,97128,True
2025-12-30,Textile_Lining,57229,0,3058,55428,42000,94070,True
2025-09-01,Textile_Nylon,212503,0,12199,205302,168000,347801,True
2025-09-02,Textile_Nylon,205302,0,12968,197648,168000,334833,True
2025-09-03,Textile_Nylon,197648,0,13601,189619,168000,321232,True
2025-09-04,Textile_Nylon,189619,0,13258,181793,168000,307974,True
2025-09-05,Textile_Nylon,181793,0,11090,175247,168000,296884,True
2025-09-06,Textile_Nylon,175247,0,7092,171060,168000,289792,True
2025-09-07,Textile_Nylon,171060,0,6398,167284,168000,283394,True
2025-09-08,Textile_Nylon,167284,0,13634,159236,168000,269760,True
2025-09-09,Textile_Nylon,159236,0,12382,151927,168000,257378,True
2025-09-10,Textile_Nylon,151927,0,11023,145420,168000,246355,True
2025-09-11,Textile_Nylon,145420,144533,12618,282505,168000,478589,True
2025-09-12,Textile_Nylon,282505,0,10608,276243,168000,467981,True
2025-09-13,Textile_Nylon,276243,0,7570,271775,168000,460411,True
2025-09-14,Textile_Nylon,271775,0,7243,267499,168000,453168,True
2025-09-15,Textile_Nylon,267499,0,12980,259837,168000,440188,True
2025-09-16,Textile_Nylon,259837,0,12072,252711,168000,428116,True
2025-09-17,Textile_Nylon,252711,0,13267,244880,168000,414849,True
2025-09-18,Textile_Nylon,244880,0,12186,237687,168000,402663,True
2025-09-19,Textile_Nylon,237687,0,12219,230474,168000,390444,True
2025-09-20,Textile_Nylon,230474,0,8013,225744,168000,382431,True
2025-09-21,Textile_Nylon,225744,0,6991,221617,168000,375440,True
2025-09-22,Textile_Nylon,221617,0,10682,215312,168000,364758,True
2025-09-23,Textile_Nylon,215312,0,10303,209230,168000,354455,True
2025-09-24,Textile_Nylon,209230,0,12918,201605,168000,341537,True
2025-09-25,Textile_Nylon,201605,0,12433,194266,168000,329104,True
2025-09-26,Textile_Nylon,194266,0,12734,186749,168000,316370,True
2025-09-27,Textile_Nylon,186749,0,6579,182866,168000,309791,True
2025-09-28,Textile_Nylon,182866,0,6414,179079,168000,303377,True
2025-09-29,Textile_Nylon,179079,0,10252,173028,168000,293125,True
2025-09-30,Textile_Nylon,173028,0,11462,166262,168000,281663,True
2025-10-01,Textile_Nylon,166262,0,12323,158988,168000,269340,True
2025-10-02,Textile_Nylon,158988,0,11612,152133,168000,257728,True
2025-10-03,Textile_Nylon,152133,0,11774,145183,168000,245954,True
2025-10-04,Textile_Nylon,145183,149168,8072,289587,168000,490587,True
2025-10-05,Textile_Nylon,289587,0,7812,284976,168000,482775,True
2025-10-06,Textile_Nylon,284976,0,11627,278112,168000,471148,True
2025-10-07,Textile_Nylon,278112,0,12439,270770,168000,458709,True
2025-10-08,Textile_Nylon,270770,0,13304,262917,168000,445405,True
2025-10-09,Textile_Nylon,262917,0,13618,254878,168000,431787,True
2025-10-10,Textile_Nylon,254878,0,10729,248545,168000,421058,True
2025-10-11,Textile_Nylon,248545,0,8121,243751,168000,412937,True
2025-10-12,Textile_Nylon,243751,0,7182,239512,168000,405755,True
2025-10-13,Textile_Nylon,239512,0,11129,232943,168000,394626,True
2025-10-14,Textile_Nylon,232943,0,11852,225946,168000,382774,True
2025-10-15,Textile_Nylon,225946,0,13728,217843,168000,369046,True
2025-10-16,Textile_Nylon,217843,0,11973,210775,168000,357073,True
2025-10-17,Textile_Nylon,210775,0,11383,204056,168000,345690,True
2025-10-18,Textile_Nylon,204056,0,7488,199636,168000,338202,True
2025-10-19,Textile_Nylon,199636,0,6638,195718,168000,331564,True
2025-10-20,Textile_Nylon,195718,0,10473,189536,168000,321091,True
2025-10-21,Textile_Nylon,189536,0,10663,183242,168000,310428,True
2025-10-22,Textile_Nylon,183242,0,10660,176949,168000,299768,True
2025-10-23,Textile_Nylon,176949,0,10746,170606,168000,289022,True
2025-10-24,Textile_Nylon,170606,0,10699,164290,168000,278323,True
2025-10-25,Textile_Nylon,164290,0,7504,159861,168000,270819,True
2025-10-26,Textile_Nylon,159861,0,6512,156017,168000,264307,True
2025-10-27,Textile_Nylon,156017,0,11444,149262,168000,252863,True
2025-10-28,Textile_Nylon,149262,0,13428,141335,168000,239435,True
2025-10-29,Textile_Nylon,141335,139004,11906,273311,168000,463014,True
2025-10-30,Textile_Nylon,273311,0,10892,266882,168000,452122,True
2025-10-31,Textile_Nylon,266882,0,10347,260774,168000,441775,True
2025-11-01,Textile_Nylon,260774,0,6484,256947,168000,435291,True
2025-11-02,Textile_Nylon,256947,0,6721,252979,168000,428570,True
2025-11-03,Textile_Nylon,252979,0,10837,246582,168000,417733,True
2025-11-04,Textile_Nylon,246582,0,10519,240373,168000,407214,True
2025-11-05,Textile_Nylon,240373,0,10634,234096,168000,396580,True
2025-11-06,Textile_Nylon,234096,0,11858,227096,168000,384722,True
2025-11-07,Textile_Nylon,227096,0,10942,220637,168000,373780,True
2025-11-08,Textile_Nylon,220637,0,6906,216561,168000,366874,True
2025-11-09,Textile_Nylon,216561,0,7207,212307,168000,359667,True
2025-11-10,Textile_Nylon,212307,0,12685,204819,168000,346982,True
2025-11-11,Textile_Nylon,204819,0,10341,198715,168000,336641,True
2025-11-12,Textile_Nylon,198715,0,13077,190996,168000,323564,True
2025-11-13,Textile_Nylon,190996,0,12460,183641,168000,311104,True
2025-11-14,Textile_Nylon,183641,0,10494,177446,168000,300610,True
2025-11-15,Textile_Nylon,177446,0,8006,172720,168000,292604,True
2025-11-16,Textile_Nylon,172720,0,8109,167934,168000,284495,True
2025-11-17,Textile_Nylon,167934,0,10419,161783,168000,274076,True
2025-11-18,Textile_Nylon,161783,0,11196,155175,168000,262880,True
2025-11-19,Textile_Nylon,155175,0,13102,147441,168000,249778,True
2025-11-20,Textile_Nylon,147441,140106,12893,279936,168000,474237,True
2025-11-21,Textile_Nylon,279936,0,11533,273128,168000,462704,True
2025-11-22,Textile_Nylon,273128,0,7166,268898,168000,455538,True
2025-11-23,Textile_Nylon,268898,0,7455,264497,168000,448083,True
2025-11-24,Textile_Nylon,264497,0,11528,257693,168000,436555,True
2025-11-25,Textile_Nylon,257693,0,11865,250689,168000,424690,True
2025-11-26,Textile_Nylon,250689,0,12890,243080,168000,411800,True
2025-11-27,Textile_Nylon,243080,0,10332,236981,168000,401468,True
2025-11-28,Textile_Nylon,236981,0,11108,230424,168000,390360,True
2025-11-29,Textile_Nylon,230424,0,7660,225903,168000,382700,True
2025-11-30,Textile_Nylon,225903,0,8053,221149,168000,374647,True
2025-12-01,Textile_Nylon,221149,0,12042,214041,168000,362605,True
2025-12-02,Textile_Nylon,214041,0,12115,206890,168000,350490,True
2025-12-03,Textile_Nylon,206890,0,10585,200641,168000,339905,True
2025-12-04,Textile_Nylon,200641,0,11810,193670,168000,328095,True
2025-12-05,Textile_Nylon,193670,0,12117,186518,168000,315978,True
2025-12-06,Textile_Nylon,186518,0,6643,182596,168000,309335,True
2025-12-07,Textile_Nylon,182596,0,6701,178641,168000,302634,True
2025-12-08,Textile_Nylon,178641,0,11558,171818,168000,291076,True
2025-12-09,Textile_Nylon,171818,0,10272,165755,168000,280804,True
2025-12-10,Textile_Nylon,165755,0,11359,159050,168000,269445,True
2025-12-11,Textile_Nylon,159050,0,10961,152580,168000,258484,True
2025-12-12,Textile_Nylon,152580,0,11378,145863,168000,247106,True
2025-12-13,Textile_Nylon,145863,0,6378,142099,168000,240728,True
2025-12-14,Textile_Nylon,142099,157355,7401,295085,168000,499901,True
2025-12-15,Textile_Nylon,295085,0,11994,288005,168000,487907,True
2025-12-16,Textile_Nylon,288005,0,10512,281800,168000,477395,True
2025-12-17,Textile_Nylon,281800,0,12133,274638,168000,465262,True
2025-12-18,Textile_Nylon,274638,0,12312,267370,168000,452950,True
2025-12-19,Textile_Nylon,267370,0,12883,259766,168000,440067,True
2025-12-20,Textile_Nylon,259766,0,7051,255604,168000,433016,True
2025-12-21,Textile_Nylon,255604,0,6395,251829,168000,426621,True
2025-12-22,Textile_Nylon,251829,0,11221,245205,168000,415400,True
2025-12-23,Textile_Nylon,245205,0,11507,238413,168000,403893,True
2025-12-24,Textile_Nylon,238413,0,12525,231019,168000,391368,True
2025-12-25,Textile_Nylon,231019,0,12254,223786,168000,379114,True
2025-12-26,Textile_Nylon,223786,0,11481,217009,168000,367633,True
2025-12-27,Textile_Nylon,217009,0,8250,212139,168000,359383,True
2025-12-28,Textile_Nylon,212139,0,7428,207754,168000,351955,True
2025-12-29,Textile_Nylon,207754,0,11054,201229,168000,340901,True
2025-12-30,Textile_Nylon,201229,0,10566,194992,168000,330335,True
